Pos,AA_1,Prob_1,AA_2,Prob_2
22,G,0.391,T,
41,G,0.491,S,
46,G,0.484,A,
48,G,0.491,S,
62,G,0.491,S,
69,G,0.391,T,
91,G,0.491,S,
98,P,0.476,A,
120,G,0.491,S,
123,G,0.491,S,
127,G,0.491,S,
129,G,0.491,S,
136,P,0.476,A,
139,G,0.491,S,
141,G,0.491,S,
7,S,0.493,T,1
9,T,0.446,P,0.733
19,A,0.504,T,1
20,P,0.512,Q,1
43,P,0.527,S,1
45,G,0.426,T,1
57,A,0.504,T,1
59,S,0.499,N,1
60,S,0.493,T,1
66,T,0.497,A,1
68,P,0.512,Q,1
73,S,0.493,T,1
74,G,0.564,S,0.918
78,G,0.526,S,1
87,T,0.435,Q,1
93,N,0.505,S,0.842
95,P,0.512,Q,1
97,S,0.486,A,1
101,S,0.493,T,1
102,A,0.501,S,1
107,G,0.526,S,1
118,P,0.512,Q,1
132,S,0.425,Q,1
135,S,0.499,N,1
144,S,0.499,N,1
5,D,0.863,E,1
73,T,1,A,
119,S,1,G,
124,Q,1,P,
9,P,0.733,Q,1
93,S,0.842,G,1
30,S,1,N,1
74,S,0.914,G,1
38,S,1,G,0.997
73,T,1,A,0.994
63,T,0.999,A,
78,S,1,G,
80,S,1,G,
100,S,0.999,N,
113,S,1,G,
107,S,0.99,G,
113,S,1,G,1
73,T,1,A,1
107,S,1,G,1
113,G,1,S,1
62,G,1,S,
73,A,1,T,
30,N,1,S,
108,S,1,G,0.999
66,A,0.997,T,1
80,S,1,G,
30,N,0.999,S,1
66,A,1,G,1
127,G,1,T,1
30,S,1,N,1
78,S,1,G,1
108,G,1,A,1
105,Y,1,F,
51,S,1,G,
74,G,1,S,
78,S,1,G,
80,S,1,G,
107,S,1,G,
108,G,1,S,
30,N,1,S,
62,G,1,S,
73,T,1,A,
131,Q,1,P,
132,Q,1,P,0.998
97,A,0.992,T,1
139,G,1,V,
30,N,1,S,
73,T,0.999,A,
113,G,1,S,
7,T,1,S,0.998
74,G,1,S,0.999
107,S,0.999,G,
108,S,0.999,G,
46,G,0.996,S,1
107,S,1,G,
113,G,1,S,
123,G,1,S,
66,A,1,T,0.994
38,S,1,G,
73,T,0.999,A,
113,G,1,S,
45,T,0.994,A,0.996
74,G,1,S,
108,S,1,G,
78,S,1,G,
106,G,1,S,
101,T,1,A,0.992
45,A,0.995,T,
51,S,1,G,
57,T,0.999,A,
97,A,0.992,T,1
78,S,1,G,
106,G,1,S,
62,G,1,S,0.994
30,N,0.999,S,
73,T,0.999,A,
118,Q,1,P,
38,S,0.998,G,1
119,S,0.999,G,1
71,G,1,S,
73,T,1,A,
100,S,1,G,
144,N,1,S,
30,N,1,S,1
38,S,0.999,G,1
60,T,1,S,
63,T,1,A,
80,S,1,G,
107,S,1,T,
41,G,1,S,0.993
62,G,1,N,0.967
73,T,1,A,0.982
108,S,1,G,0.993
46,G,0.998,S,
74,G,0.998,S,
96,P,0.998,A,
97,A,0.997,P,
113,S,0.994,N,
124,Q,0.999,P,
132,Q,0.999,P,
30,N,0.99,S,0.999
65,S,0.99,P,1
109,S,0.99,P,1
119,S,0.993,G,1
121,G,0.996,S,1
62,N,0.963,S,
38,S,1,G,0.996
51,S,1,T,0.992
78,S,1,G,0.996
27,Q,0.999,R,
30,N,0.716,S,
36,S,0.999,G,
73,T,0.998,A,
77,G,0.999,A,
85,G,0.999,A,
90,P,0.999,S,
41,G,0.988,S,0.998
113,S,0.973,N,0.997
30,N,0.714,S,
118,Q,0.999,P,
104,S,0.999,G,
107,S,0.999,G,
39,G,1,S,
63,T,1,A,
100,S,1,N,
107,S,1,G,
30,N,1,S,
38,S,1,G,
39,G,1,S,
57,T,1,S,
97,A,1,T,
107,S,1,G,0.995
144,N,1,S,0.988
38,S,1,R,
43,S,0.999,A,
44,D,0.998,E,
74,G,0.999,S,
112,S,0.998,T,
46,G,0.995,S,
80,S,0.995,G,
107,S,1,G,1
60,T,1,S,
30,N,1,S,
144,N,1,S,
66,A,1,T,
73,T,1,A,
106,G,1,S,
127,G,1,S,
19,T,1,A,
30,N,1,S,
118,Q,1,P,1
62,G,1,S,0.997
66,A,1,T,0.994
118,Q,1,P,0.998
16,A,0.994,S,
107,S,0.997,G,
127,G,0.997,S,
30,N,0.995,S,1
106,G,0.997,S,1
144,N,0.996,S,1
64,Q,1,P,
30,N,1,S,1
50,S,1,G,
120,G,1,S,
41,G,1,S,1
57,T,1,S,1
111,S,1,T,0.956
126,S,1,P,1
127,G,1,S,1
118,Q,1,P,1
97,A,1,T,1
59,N,1,S,1
60,T,1,S,
60,T,1,S,
60,T,1,S,1
78,S,1,G,1
60,T,1,S,
60,T,1,S,
66,A,1,T,1
111,T,0.956,S,1
121,G,1,S,1
123,G,1,S,1
130,Q,1,G,
60,T,1,S,
39,G,1,T,
7,T,1,S,
38,S,1,G,
62,G,1,S,
107,S,1,G,
113,S,1,G,
119,S,1,G,
41,G,1,S,
108,S,1,G,
136,P,1,S,
59,N,1,S,0.983
73,T,1,A,0.829
74,S,0.914,G,0.994
97,A,0.544,T,
113,S,0.977,N,
144,N,0.986,S,
7,T,0.998,S,
30,S,0.997,N,
38,S,0.999,G,
60,T,0.998,S,
73,A,0.829,G,
97,A,0.544,P,
101,T,0.998,A,
136,P,0.999,A,
